{
  "mean_spectral_travel": 15.625046730041504,
  "mean_G_variance": 0.001140182837843895
}