{
  "mean_spectral_travel": 71.37733459472656,
  "mean_G_variance": 0.21831057965755463
}